section,key
config file info,last_write
config file info,last write
Run_Parameters,Instrument
Run_Parameters,Ini_Names
Run_Parameters,barcode_drug_plate
Run_Parameters,user
Run_Parameters,Plate_Size
Run_Parameters,Plate_Type
Run_Parameters,Samples_to_Run
Run_Parameters,Overlay_Size
Run_Parameters,Drug_Plate
Run_Parameters,Plate_Quarter
Run_Parameters,run_ID
Run_Parameters,run_plate_repeat
Run_Parameters,Read_Reps
Run_Parameters,Read_Modes
Run_Parameters,Read_Flor_Every
Run_Parameters,Max_Delta_OD
Run_Parameters,Well_By_Row_Col
Run_Parameters,Reorder_Map
Run_Parameters,Tip_Vol
Run_Parameters,OD_to_Innoc
Run_Parameters,Absorption_Max
Run_Parameters,OD_to_Save
Run_Parameters,OD_to_Dilute
Run_Parameters,Save_Sample_Vol
Run_Parameters,Save_Sample_Reps
Run_Parameters,Innoc_Vol
Run_Parameters,Dilute_Vol
Run_Parameters,Save_Vol
Run_Parameters,Reference_Vol
Run_Parameters,Read_to_Innoc
Run_Parameters,Read_to_Dilute
Run_Parameters,Read_to_Save
Run_Parameters,Pipet_Trigger
Run_Parameters,Pipet_Volume_Adj
Run_Parameters,Delid
Run_Parameters,Pre_Init
Run_Parameters,Talk_To_ProMax
Run_Parameters,Time_Out_Time
Run_Parameters,Wait_While_Busy
Run_Parameters,Idle_Time
Run_Parameters,Screen_Run_Type
Run_Parameters,Spect_Protocol
Run_Parameters,Spec_Run_File
Run_Parameters,Spec_Assay_File
Run_Parameters,Save_Data_File
Run_Parameters,Working_Dir
Run_Parameters,Run_Control_Dir
Run_Parameters,Tracking_Dir
Run_Parameters,Track_File
Run_Parameters,Save_Run_Data_Flag
Run_Parameters,Set_Incubator_Temp
Run_Parameters,Base_Line_Flag
Run_Parameters,Pipet_Cycles_Before_Save
Run_Parameters,Time_Point_Save
Run_Parameters,Innoc_Direction
Run_Parameters,Wells_In_Use
Run_Parameters,Save_Sample_Map
Run_Parameters,Sections_to_Run
Run_Parameters,Rows_per_Section
Run_Parameters,Start_Sections_Row
Run_Parameters,MultiProbe_Run_File
Run_Parameters,Multiprobe_Run_Dialogue
Run_Parameters,Comments
Run_Parameters,Target_Temp
Run_Parameters,Temp_Control
Run_Parameters,Delta_Temp
Run_Parameters,ReadMode
Run_Parameters,ExcitationFilter
Run_Parameters,EmissionFilter
Run_Parameters,MeasurementFilter
Run_Parameters,ReadsPerWellNumber
Run_Parameters,ShakeDuration
Run_Parameters,GainMode
Run_Parameters,PdfName
Run_Parameters,Gain
Run_Parameters,Add_Drug_Map
Run_Parameters,Add_Drug_Vol
Run_Parameters,Innoc_Map
Run_Parameters,Dilute_Map
Run_Parameters,data_file_name
Run_Parameters,barcode
Run_Parameters,Hit_Call_Threshold
Run_Parameters,Reference_Well
Run_Parameters,WT_Ref_Well
Run_Parameters,Project_Name
Run_Parameters,Pipet_Gens_Point
Run_Parameters,Shake_Divisor
Run_Parameters,data_handling
Run_Parameters,time_frm_freezer
Run_Parameters,gens_frm_freezer
Run_Parameters,Well_Vol
Run_Parameters,Parent_ID
Run_Parameters,Units
Run_Parameters,Quarter
Run_Parameters,media_name
Run_Parameters,Save_Mode
Run_Parameters,Consolidate_Save_Map
Run_Parameters,Add_Drug_at_Start_Map
Run_Parameters,Add_Drug_Labware
Run_Parameters,Max_Dynam_OD_Change
Run_Parameters,Reads_After_Pipet
Run_Parameters,Strain_Name
Run_Parameters,Media
Run_Parameters,drug_vol
Run_Parameters,Drug_Name
Run_Parameters,Drug_Conc
Run_Parameters,Innoc_Conc
Run_Parameters,Strain_Plate
Run_Parameters,Ref_Type
Run_Parameters,run_plate_`repeat`
Run_Parameters,ShakeIntensity
Run_Parameters,ShakeMode
Run_Parameters,NumberOfFlashes
Run_Parameters,PartOfPlate
Run_Parameters,MovePlateOutAfterMeasurement
Run_Parameters,Innoc_Target_Map
Run_Parameters,Read_to_Add_Drug_at_Start
Run_Parameters,Send_Email_at_Pipet
Run_Parameters,config_DB_update_wells
Run_Parameters,IntegrationLagTime
Run_Parameters,IntegrationTime
Run_Parameters,DelayMoveFlashFluorescence
Run_Parameters,Wavelength scan type
Run_Parameters,ExcitationBandWidth
Run_Parameters,AbsorbanceBandWidth
Run_Parameters,EmissionBandWidth
Run_Parameters,Save_Mix_Vol
Run_Parameters,Save_Mix_Labware
Run_Parameters,Save_Mix_Reps
Run_Parameters,Add_Drug_Mix_Reps
Run_Parameters,OD_Gen_Pt_48
Run_Parameters,Gens_to_OD_Pt_48
Run_Parameters,OD_Gen_Pt_96
Run_Parameters,Gens_to_OD_Pt_96
Run_Parameters,OD_Gen_Pt_384
Run_Parameters,Gens_to_OD_Pt_384
Run_Parameters,diluent
Run_Parameters,drug_plate_dil_factor
Run_Parameters,Save_Pos_Labware
Run_Parameters,Save_Well_Convert_Row_Col
Run_Parameters,Orientation_allowed_error
Run_Parameters,Pipet_Trigger_Well_Map
Run_Parameters,Upload_Run_Data_Every
Run_Parameters,EmisionBandWidth
Run_Parameters,growth_plate_size
Run_Parameters,growth_plate_id
Run_Parameters,growth_plate_name
Run_Parameters,OD_Gen_Pt_1536
Run_Parameters,Gens_to_OD_Pt_1536
Run_Parameters,innoc_chk_change
Run_Parameters,save_chk_change
Run_Parameters,Add_Drug_Delay_Reads_Map
Run_Parameters,start_up_task
Run_Parameters,Plate_ID
Run_Parameters,Wavelengthscantype
Run_Parameters,OD_Gen_Pt_100
Run_Parameters,Gens_to_OD_Pt_100
Run_Parameters,project_name
Run_Parameters,Strain_Pool
Run_Parameters,well_vol
Run_Parameters,parent_id
Run_Parameters,plate_id
Run_Parameters,growth_plate_bc
Run_Parameters,tecan_bc
Run_Parameters,file_origin
Run_Parameters,growth_params
Run_Parameters,instrument_params
Run_Parameters,robot_name
Run_Parameters,run_platerepeat
Run_Parameters,OD_Gen_Pt_6
Run_Parameters,Gens_to_OD_Pt_6
Run_Parameters,Run_ID
Run_Parameters,Dela
Run_Parameters,yMoveFlashFluorescence
Run_Parameters,Save_Data_File_track_change
Run_Parameters,Working_Dir_track_change
Run_Parameters,Run_Control_Dir_track_change
Run_Parameters,Set_Incubator_Temp_track_change
Run_Parameters,Target_Temp_track_change
Run_Parameters,Spect_Protocol_track_change
Run_Parameters,ShakeDuration_track_change
Run_Parameters,1
Run_Parameters,Drug_Vol
Run_Parameters,strain_plate
Run_Parameters,Send_Email_at_Pipet_track_change
Run_Parameters,Add_Drug_Map_track_change
Run_Parameters,Spec_Assay_File_track_change
Run_Parameters,user_track_change
Run_Parameters,Read_Reps_track_change
Run_Parameters,Innoc_Vol_track_change
Run_Parameters,ReadsPerWellNumber_track_change
Run_Parameters,OD_to_Save_track_change
Run_Parameters,Save_Sample_Map_track_change
Run_Parameters,Save_Vol_track_change
Run_Parameters,Reference_Well_track_change
Run_Parameters,abntabdrug_plate_dil_factor
Run_Parameters,tube_name
Run_Parameters,drug_plate_name
Run_Parameters,master_plate_bc
Run_Parameters,master_plate_id
Run_Parameters,screen_column
Run_Parameters,screen_protocols
Run_Parameters,growth_media
Run_Parameters,ss_info_id
Run_Parameters,hehostrain
Run_Parameters,hehostrnbck
Drug_Data,Drug_Plate
Drug_Data,Strain_Plate
Drug_Data,Media
Drug_Data,Drug_Name
Drug_Data,Strain_Name
Drug_Data,Drug_Conc
Drug_Data,Innoc_Conc
Drug_Data,Run_ID
Drug_Data,Plate_Quarter
Drug_Data,Units
Drug_Data,Parent_ID
Drug_Data,Project_Name
Drug_Data,Strain_Backgrnd
Drug_Data,Well_Vol
Drug_Data,time_frm_freezer
Drug_Data,gens_frm_freezer
Drug_Data,user
Drug_Data,Strain_Pool
Drug_Data,Well_Alias
Drug_Data,Well_Pos
Drug_Data,position
Drug_Data,diluent
Drug_Data,drug_plate_dil_factor
Drug_Data,well_media
Drug_Data,media_name
Drug_Data,Drug_Vol
Drug_Data,Stock_Conc
Drug_Data,Condition
Drug_Data,units
Drug_Data,Gens_at_Pipet
Drug_Data,Well_Media
Drug_Data,project_name
Drug_Data,run_ID
Drug_Data,run_plate_repeat
Drug_Data,Quarter
Drug_Data,106
Drug_Data,107
Drug_Data,108
Drug_Data,109
Drug_Data,110
Drug_Data,111
Drug_Data,112
Drug_Data,113
Drug_Data,114
Drug_Data,115
Drug_Data,116
Drug_Data,117
Drug_Data,118
Drug_Data,119
Drug_Data,120
Drug_Data,121
Drug_Data,122
Drug_Data,123
Drug_Data,124
Drug_Data,125
Drug_Data,126
Drug_Data,127
Drug_Data,128
Drug_Data,129
Drug_Data,130
Drug_Data,131
Drug_Data,132
Drug_Data,133
Drug_Data,134
Drug_Data,135
Drug_Data,136
Drug_Data,137
Drug_Data,138
Drug_Data,139
Drug_Data,140
Drug_Data,141
Drug_Data,142
Drug_Data,143
Drug_Data,144
Drug_Data,145
Drug_Data,146
Drug_Data,147
Drug_Data,148
Drug_Data,149
Drug_Data,150
Drug_Data,151
Drug_Data,152
Drug_Data,153
Drug_Data,154
Drug_Data,155
Drug_Data,156
Drug_Data,157
Drug_Data,158
Drug_Data,159
Drug_Data,160
Drug_Data,161
Drug_Data,162
Drug_Data,163
Drug_Data,164
Drug_Data,165
Drug_Data,166
Drug_Data,167
Drug_Data,168
Drug_Data,169
Drug_Data,170
Drug_Data,171
Drug_Data,172
Drug_Data,173
Drug_Data,174
Drug_Data,175
Drug_Data,1
Drug_Data,2
Drug_Data,3
Drug_Data,4
Drug_Data,5
Drug_Data,6
Drug_Data,7
Drug_Data,8
Drug_Data,9
Drug_Data,10
Drug_Data,11
Drug_Data,12
Drug_Data,13
Drug_Data,14
Drug_Data,15
Drug_Data,16
Drug_Data,17
Drug_Data,18
Drug_Data,19
Drug_Data,20
Drug_Data,21
Runtime_State,Instrument
Runtime_State,Start_Time_Now
Runtime_State,Reads_Completed
Runtime_State,Innoc_Direction
Runtime_State,Wells_In_Use
Runtime_State,Innoc_Map
Runtime_State,Dilute_Map
Runtime_State,Save_Sample_Map
Runtime_State,Current_OD
Runtime_State,Bckgrnd_OD
Runtime_State,Mapped
Runtime_State,Pipet_Completed
Runtime_State,Innoc_Completed
Runtime_State,Save_Completed
Runtime_State,Pipeted_At
Runtime_State,Pipeted_OD
Runtime_State,Dilutes_Completed
Runtime_State,Time_At_Innoc
Runtime_State,Time_At_Save
Runtime_State,Time_At_Dilute
Runtime_State,Previous_OD
Runtime_State,Prev_Delta_OD
Runtime_State,Delta_From_Ref
Runtime_State,Sig_OD_Delta
Runtime_State,Add_Drug_at_Start_Map
Runtime_State,Run_Status
Runtime_State,Temp_Bckgrnd
Runtime_State,Look_ahead_Index
Runtime_State,Instrument_Status
Runtime_State,datetime
Runtime_State,Save_OK_Chk
Runtime_State,Look_Back_Atpipet_Index
Runtime_State,Look_Ahead_Index
Runtime_State,Innoc_OK_Chk
Runtime_State,Do_Pipet_Now
Runtime_State,Do_These_Innoc/Saves_Now
Runtime_State,Do_These_Innocs_Now
Runtime_State,Do_These_Saves_Now
Runtime_State,Plate_Size
Runtime_State,Start_Date
Runtime_State,Innoc_To_Wells
Runtime_State,Save_To_Wells
Runtime_State,Previous_OD_track_change
Runtime_State,Pipet_Completed_track_change
Runtime_State,Reads_Completed_track_change
Runtime_State,Current_OD_track_change
Runtime_State,Prev_Delta_OD_track_change
Runtime_State,Delta_From_Ref_track_change
Runtime_State,1
Analysis,Drug_ID
Analysis,Decision
Analysis,Plot_Min
Analysis,Plot_Max
Analysis,G_Plot_Min
Analysis,G_Plot_Delta
Analysis,Plot_On_Off
Analysis,OD_Gen_Pt
Analysis,Gens_to_OD_Pt
Analysis,Avg_G
Analysis,Max_Slope
Analysis,Fit_Model
Analysis,Fit_Const_OD_Base
Analysis,Fit_Const_N0
Analysis,Fit_Const_T0
Analysis,G_Fit_Min
Analysis,G_Fit_Delta
Analysis,Fit_On_Off
Analysis,Fit_Min
Analysis,Fit_Delta
Analysis,Fit_Offset
Analysis,Fit_N0
Analysis,Fit_T0
Analysis,Fit_G
Analysis,Fit_Error
Analysis,Fit_CV
Analysis,Time_to_20_Gens
Analysis,Time_to_each_5_Gens
Analysis,Time_to_each_n_Gens
Analysis,Min_Pt_OD
Analysis,Min_Pt_t
Analysis,TO_OD
Analysis,Ref_ID
Analysis,Multi_Refs
Analysis,test
Analysis,Start_Time_Now
Analysis,Start_Date
Analysis,pv_to_plate_order
Analysis,gen_time_cutoff
Analysis,Drug_Name
Analysis,Drug_Well_Pos
Analysis,Avg_G_tcut
Analysis,t0_from_interval
Analysis,Sum_Delta_Ref
Analysis,Gens_at_time_G
Analysis,G_Int_tcut
Analysis,Sum_Del_12
Analysis,Sum_Del_20
Analysis,Sum_Del_24
Analysis,Sum_12
Analysis,Sum_20
Analysis,Sum_24
Analysis,G_by_Interval
Analysis,Avg_G_t8
Analysis,G_int_t8
Analysis,Avg_G_t12
Analysis,G_int_t12
Analysis,Avg_G_inflex
Analysis,G_int_inflex
Analysis,G_by_Interval_g4
Analysis,G_int_t8_g4
Analysis,G_int_t12_g4
Analysis,G_int_inflex_g4
Analysis,Time_Inflex
Analysis,OD_Inflex
Analysis,Time_Saturation
Analysis,OD_Saturation
Analysis,Ref_Well_Name
Analysis,Ratio_Avg_G
Analysis,Ratio_Fit_G
Analysis,Ratio_G_Int
Analysis,Ratio_t0_Fit
Analysis,Ratio_t0_G_Int
Analysis,Ref_Curve_Array
Analysis,Default_ref
Analysis,Comm_Map
Analysis,Comm_Consol
Analysis,Comm_Screen
Analysis,Analysis_Set
Analysis,Ref_Type
Analysis,Wells_In_Use
Analysis,ignore_curve_before
Analysis,Sum_Del_tcut
Analysis,Sum_tcut
Analysis,Use_G_Fit
Analysis,Screen_Run_Type
Analysis,Plate_Size
Analysis,Instrument
Analysis,plate_id
Analysis,file_origin
Analysis,Max_Time
Analysis,gint_gens3
Analysis,gint_gens4
Analysis,sum_box_od
Analysis,sum_box_on
Analysis,sum_box_use_ODG
Analysis,Sum_ratio_tcut
Analysis,sum_ratio_12
Analysis,Well_Quality_Value
Analysis,Multi_refs
Analysis,Ref_IDold
Analysis,db_table
Analysis,ref_id
Analysis,Plate_Ref_Filename
Analysis,G_int_tcut
Analysis,G_by_interval_g4
Analysis,sum_tcut
Analysis,sum_del_tcut
Analysis,sum_ratio_tcut
Analysis,data_read_start
Analysis,data_rows_in
Analysis,sum_time_cutoff
Analysis,1
Analysis,Well_Quality_Score
Analysis,oldMulti_refs
Data:,Read
Data:,1
Data:,2
Data:,3
Data:,4
Data:,5
Data:,6
Data:,7
Data:,8
Data:,9
Data:,10
Data:,11
Data:,12
Data:,13
Data:,14
Data:,15
Data:,16
Data:,17
Data:,18
Data:,19
Data:,20
Data:,21
Data:,22
Data:,23
Data:,24
Data:,25
Data:,26
Data:,27
Data:,28
Data:,29
Data:,30
Data:,31
Data:,32
Data:,33
Data:,34
Data:,35
Data:,36
Data:,37
Data:,38
Data:,39
Data:,40
Data:,41
Data:,42
Data:,43
Data:,44
Data:,45
Data:,46
Data:,47
Data:,48
Data:,49
Data:,50
Data:,51
Data:,52
Data:,53
Data:,54
Data:,55
Data:,56
Data:,57
Data:,58
Data:,59
Data:,60
Data:,61
Data:,62
Data:,63
Data:,64
Data:,65
Data:,66
Data:,67
Data:,68
Data:,69
Data:,70
Data:,71
Data:,72
Data:,73
Data:,74
Data:,75
Data:,76
Data:,77
Data:,78
Data:,79
Data:,80
Data:,81
Data:,82
Data:,83
Data:,84
Data:,85
Data:,86
Data:,87
Data:,88
Data:,89
Data:,90
Data:,91
Data:,92
Data:,93
Data:,94
Data:,95
Data:,96
Data:,97
Data:,98
Data:,99
Data:,100
Data:,101
Data:,102
Data:,103
Data:,104
Data:,105
Data:,106
Data:,107
Data:,108
Data:,109
Data:,110
Data:,111
Data:,112
Data:,113
Data:,114
Data:,115
Data:,116
Data:,117
Data:,118
Data:,119
Data:,120
Data:,121
Data:,122
Data:,123
Data:,124
Data:,125
Data:,126
Data:,127
Data:,128
Data:,129
Data:,130
Data:,131
Data:,132
Data:,133
Data:,134
Data:,135
Data:,136
Data:,137
Data:,138
Data:,139
Data:,140
Data:,141
Data:,142
Data:,143
Data:,144
Data:,145
Data:,146
Data:,147
Data:,148
Data:,149
Data:,150
Data:,151
Data:,152
Data:,153
Data:,154
Data:,155
Data:,156
Data:,157
Data:,158
Data:,159
Data:,160
Data:,161
Data:,162
Data:,163
Data:,164
Data:,165
Data:,166
Data:,167
Data:,168
Data:,169
Data:,170
Data:,171
Data:,172
Data:,173
Data:,174
Data:,175
Data:,176
Data:,177
Data:,178
Data:,179
Data:,180
Data:,181
Data:,182
Data:,183
Data:,184
Data:,185
Data:,186
Data:,187
Data:,188
Data:,189
Data:,190
Data:,191
Data:,192
Data:,193
Data:,194
Data:,195
Data:,196
Data:,197
Data:,198
Data:,199
Data:,200
Data:,201
Data:,202
Data:,203
Data:,204
Data:,205
Data:,206
Data:,207
Data:,208
Data:,209
Data:,210
Data:,211
Data:,212
Data:,213
Data:,214
Data:,215
Data:,216
Data:,217
Data:,218
Data:,219
Data:,220
Data:,221
Data:,222
Data:,223
Data:,224
Data:,225
Data:,226
Data:,227
Data:,228
Data:,229
Data:,230
Data:,231
Data:,232
Data:,233
Data:,234
Data:,235
Data:,236
Data:,237
Data:,238
Data:,239
Data:,240
Data:,241
Data:,242
Data:,243
Data:,244
Data:,245
Data:,246
Data:,247
Data:,248
Data:,249
Data:,250
Data:,251
Data:,252
Data:,253
Data:,254
Data:,255
Data:,256
Data:,257
Data:,258
Data:,259
Data:,260
Data:,261
Data:,262
Data:,263
Data:,264
Data:,265
Data:,266
Data:,267
Data:,268
Data:,269
Data:,270
Data:,271
Data:,272
Data:,273
Data:,274
Data:,275
Data:,276
Data:,277
Data:,278
Data:,279
Data:,280
Data:,281
Data:,282
Data:,283
Data:,284
Data:,285
Data:,286
Data:,287
Data:,288
Data:,289
Data:,290
Data:,291
Data:,292
Data:,293
Data:,294
Data:,295
Data:,296
Data:,297
Data:,298
Data:,299
Data:,300
Data:,301
Data:,302
Data:,303
Data:,304
Data:,305
Data:,306
Data:,307
Data:,308
Data:,309
Data:,310
Data:,311
Data:,312
Data:,313
Data:,314
Data:,315
Data:,316
Data:,317
Data:,318
Data:,319
Data:,320
Data:,321
Data:,322
Data:,323
Data:,324
Data:,325
Data:,326
Data:,327
Data:,328
Data:,329
Data:,330
Data:,331
Data:,332
Data:,333
Data:,334
Data:,335
Data:,336
Data:,337
Data:,338
Data:,339
Data:,340
Data:,341
Data:,342
Data:,343
Data:,344
Data:,345
Data:,346
Data:,347
Data:,348
Data:,349
Data:,350
Data:,351
Data:,352
Data:,353
Data:,354
Data:,355
Data:,356
Data:,357
Data:,358
Data:,359
Data:,360
Data:,361
Data:,362
Data:,363
Data:,364
Data:,365
Data:,366
Data:,367
Data:,368
Data:,369
Data:,370
Data:,371
Data:,372
Data:,373
Data:,374
Data:,375
Data:,376
Data:,377
Data:,378
Data:,379
Data:,380
Data:,381
Data:,382
Data:,383
Data:,384
Data:,385
Data:,386
Data:,387
Data:,388
Data:,389
Data:,390
Data:,391
Data:,392
Data:,393
Data:,394
Data:,395
Data:,396
Data:,397
Data:,398
Data:,399
Data:,400
Data:,401
Data:,402
Data:,403
Data:,404
Data:,405
Data:,406
Data:,407
Data:,408
Data:,409
Data:,410
Data:,411
Data:,412
Data:,413
Data:,414
Data:,415
Data:,416
Data:,417
Data:,418
Data:,419
Data:,420
Data:,421
Data:,422
Data:,423
Data:,424
Data:,425
Data:,426
Data:,427
Data:,428
Data:,429
Data:,430
Data:,431
Data:,432
Data:,433
Data:,434
Data:,435
Data:,436
Data:,437
Data:,438
Data:,439
Data:,440
Data:,441
Data:,442
Data:,443
Data:,444
Data:,445
Data:,446
Data:,447
Data:,448
Data:,449
Data:,450
Data:,451
Data:,452
Data:,453
Data:,454
Data:,455
Data:,456
Data:,457
Data:,458
Data:,459
Data:,460
Data:,461
Data:,462
Data:,463
Data:,464
Data:,465
Data:,466
Data:,467
Data:,468
Data:,469
Data:,470
Data:,471
Data:,472
Data:,473
Data:,474
Data:,475
Data:,476
Data:,477
Data:,478
Data:,479
Data:,480
Data:,481
Data:,482
Data:,483
Data:,484
Data:,485
Data:,486
Data:,487
Data:,488
Data:,489
Data:,490
Data:,491
Data:,492
Data:,493
Data:,494
Data:,495
Data:,496
Data:,497
Data:,498
Data:,499
Data:,500
Data:,501
Data:,502
Data:,503
Data:,504
Data:,505
Data:,506
Data:,507
Data:,508
Data:,509
Data:,510
Data:,511
Data:,512
Data:,513
Data:,514
Data:,515
Data:,516
Data:,517
Data:,518
Data:,519
Data:,520
Data:,521
Data:,522
Data:,523
Data:,524
Data:,525
Data:,526
Data:,527
Data:,528
Data:,529
Data:,530
Data:,531
Data:,532
Data:,533
Data:,534
Data:,535
Data:,536
Data:,537
Data:,538
Data:,539
Data:,540
Data:,541
Data:,542
Data:,543
Data:,544
Data:,545
Data:,546
Data:,547
Data:,548
Data:,549
Data:,550
Data:,551
Data:,552
Data:,553
Data:,554
Data:,555
Data:,556
Data:,557
Data:,558
Data:,559
Data:,560
Data:,561
Data:,562
Data:,563
Data:,564
Data:,565
Data:,566
Data:,567
Data:,568
Data:,569
Data:,570
Data:,571
Data:,572
Data:,573
Data:,574
Data:,575
Data:,576
Data:,577
Data:,578
Data:,579
Data:,580
Data:,581
Data:,582
Data:,583
Data:,584
Data:,585
Data:,586
Data:,587
Data:,588
Data:,589
Data:,590
Data:,591
Data:,592
Data:,593
Data:,594
Data:,595
Data:,596
Data:,597
Data:,598
Data:,599
Data:,600
Data:,601
Data:,602
Data:,603
Data:,604
Data:,605
Data:,606
Data:,607
Data:,608
Data:,609
Data:,610
Data:,611
Data:,612
Data:,613
Data:,614
Data:,615
Data:,616
Data:,617
Data:,618
Data:,619
Data:,620
Data:,621
Data:,622
Data:,623
Data:,624
Data:,625
Data:,626
Data:,627
Data:,628
Data:,629
Data:,630
Data:,631
Data:,632
Data:,633
Data:,634
Data:,635
Data:,636
Data:,637
Data:,638
Data:,639
Data:,640
Data:,641
Data:,642
Data:,643
Data:,644
Data:,645
Data:,646
Data:,647
Data:,648
Data:,649
Data:,650
Data:,651
Data:,652
Data:,653
Data:,654
Data:,655
Data:,656
Data:,657
Data:,658
Data:,659
Data:,660
Data:,661
Data:,662
Data:,663
Data:,664
Data:,665
Data:,666
Data:,667
Data:,668
Data:,669
Data:,670
Data:,671
Data:,672
Data:,673
Data:,674
Data:,675
Data:,676
Data:,677
Data:,678
Data:,679
Data:,680
Data:,681
Data:,682
Data:,683
Data:,684
Data:,685
Data:,686
Data:,687
Data:,688
Data:,689
Data:,690
Data:,691
Data:,692
Data:,693
Data:,694
Data:,695
Data:,696
Data:,697
Data:,698
Data:,699
Data:,700
Data:,701
Data:,702
Data:,703
Data:,704
Data:,705
Data:,706
Data:,707
Data:,708
Data:,709
Data:,710
Data:,711
Data:,712
Data:,713
Data:,714
Data:,715
Data:,716
Data:,717
Data:,718
Data:,719
Data:,720
Data:,721
Data:,722
Data:,723
Data:,724
Data:,725
Data:,726
Data:,727
Data:,728
Data:,729
Data:,730
Data:,731
Data:,732
Data:,733
Data:,734
Data:,735
Data:,736
Data:,737
Data:,738
Data:,739
Data:,740
Data:,741
Data:,742
Data:,743
Data:,744
Data:,745
Data:,746
Data:,747
Data:,748
Data:,749
Data:,750
Data:,751
Data:,752
Data:,753
Data:,754
Data:,755
Data:,756
Data:,757
Data:,758
Data:,759
Data:,760
Data:,761
Data:,762
Data:,763
Data:,764
Data:,765
Data:,766
Data:,767
Data:,768
Data:,769
Data:,770
Data:,771
Data:,772
Data:,773
Data:,774
Data:,775
Data:,776
Data:,777
Data:,778
Data:,779
Data:,780
Data:,781
Data:,782
Data:,783
Data:,784
Data:,785
Data:,786
Data:,787
Data:,788
Data:,789
Data:,790
Data:,791
Data:,792
Data:,793
Data:,794
Data:,795
Data:,796
Data:,797
Data:,798
Data:,799
Data:,800
Data:,801
Data:,802
Data:,803
Data:,804
Data:,805
Data:,806
Data:,807
Data:,808
Data:,809
Data:,810
Data:,811
Data:,812
Data:,813
Data:,814
Data:,815
Data:,816
Data:,817
Data:,818
Data:,819
Data:,820
Data:,821
Data:,822
Data:,823
Data:,824
Data:,825
Data:,826
Data:,827
Data:,828
Data:,829
Data:,830
Data:,831
Data:,832
Data:,833
Data:,834
Data:,835
Data:,836
Data:,837
Data:,838
Data:,839
Data:,840
Data:,841
Data:,842
Data:,843
Data:,844
Data:,845
Data:,846
Data:,847
Data:,848
Data:,849
Data:,850
Data:,851
Data:,852
Data:,853
Data:,854
Data:,855
Data:,856
Data:,857
Data:,858
Data:,859
Data:,860
Data:,861
Data:,862
Data:,863
Data:,864
Data:,865
Data:,866
Data:,867
Data:,868
Data:,869
Data:,870
Data:,871
Data:,872
Data:,873
Data:,874
Data:,875
Data:,876
Data:,877
Data:,878
Data:,879
Data:,880
Data:,881
Data:,882
Data:,883
Data:,884
Data:,885
Data:,886
Data:,887
Data:,888
Data:,889
Data:,890
Data:,891
Data:,892
Data:,893
Data:,894
Data:,895
Data:,896
Data:,897
Data:,898
Data:,899
Data:,900
Data:,901
Data:,902
Data:,903
Data:,904
Data:,905
Data:,906
Data:,907
Data:,908
Data:,909
Data:,910
Data:,911
Data:,912
Data:,913
Data:,914
Data:,915
Data:,916
Data:,917
Data:,918
Data:,919
Data:,920
Data:,921
Data:,922
Data:,923
Data:,924
Data:,925
Data:,926
Data:,927
Data:,928
Data:,929
Data:,930
Data:,931
Data:,932
Data:,933
Data:,934
Data:,935
Data:,936
Data:,937
Data:,938
Data:,939
Data:,940
Data:,941
Data:,942
Data:,943
Data:,944
Data:,945
Data:,946
Data:,947
Data:,948
Data:,949
Data:,950
Data:,951
Data:,952
Data:,953
Data:,954
Data:,955
Data:,956
Data:,957
Data:,958
Data:,959
Data:,960
Data:,961
Data:,962
Data:,963
Data:,964
Data:,965
Data:,966
Data:,967
Data:,968
Data:,969
Data:,970
Data:,971
Data:,972
Data:,973
Data:,974
Data:,975
Data:,976
Data:,977
Data:,978
Data:,979
Data:,980
Data:,981
Data:,982
Data:,983
Data:,984
Data:,985
Data:,986
Data:,987
Data:,988
Data:,989
Data:,990
Data:,991
Data:,992
Data:,993
Data:,994
Data:,995
Data:,996
Data:,997
Data:,998
Data:,999
Data:,1000
Data:,1001
Data:,1002
Data:,1003
Data:,1004
Data:,1005
Data:,1006
Data:,1007
Data:,1008
Data:,1009
Data:,1010
Data:,1011
Data:,1012
Data:,1013
Data:,1014
Data:,1015
Data:,1016
Data:,1017
Data:,1018
Data:,1019
Data:,1020
Data:,1021
Data:,1022
Data:,1023
Data:,1024
Data:,1025
Data:,1026
Data:,1027
Data:,1028
Data:,1029
Data:,1030
Data:,1031
Data:,1032
Data:,1033
Data:,1034
Data:,1035
Data:,1036
Data:,1037
Data:,1038
Data:,1039
Data:,1040
Data:,1041
Data:,1042
Data:,1043
Data:,1044
Data:,1045
Data:,1046
Data:,1047
Data:,1048
Data:,1049
Data:,1050
Data:,1051
Data:,1052
Data:,1053
Data:,1054
Data:,1055
Data:,1056
Data:,1057
Data:,1058
Data:,1059
Data:,1060
Data:,1061
Data:,1062
Data:,1063
Data:,1064
Data:,1065
Data:,1066
Data:,1067
Data:,1068
Data:,1069
Data:,1070
Data:,1071
Data:,1072
Data:,1073
Data:,1074
Data:,1075
Data:,1076
Data:,1077
Data:,1078
Data:,1079
Data:,1080
Data:,1081
Data:,1082
Data:,1083
Data:,1084
Data:,1085
Data:,1086
Data:,1087
Data:,1088
Data:,1089
Data:,1090
Data:,1091
Data:,1092
Data:,1093
Data:,1094
Data:,1095
Data:,1096
Data:,1097
Data:,1098
Data:,1099
Data:,1100
Data:,1101
Data:,1102
Data:,1103
Data:,1104
Data:,1105
Data:,1106
Data:,1107
Data:,1108
Data:,1109
Data:,1110
Data:,1111
Data:,1112
Data:,1113
Data:,1114
Data:,1115
Data:,1116
Data:,1117
Data:,1118
Data:,1119
Data:,1120
Data:,1121
Data:,1122
Data:,1123
Data:,1124
Data:,1125
Data:,1126
Data:,1127
Data:,1128
Data:,1129
Data:,1130
Data:,1131
Data:,1132
Data:,1133
Data:,1134
Data:,1135
Data:,1136
Data:,1137
Data:,1138
Data:,1139
Data:,1140
Data:,1141
Data:,1142
Data:,1143
Data:,1144
Data:,1145
Data:,1146
Data:,1147
Data:,1148
Data:,1149
Data:,1150
Data:,1151
Data:,1152
Data:,1153
Data:,1154
Data:,1155
Data:,1156
Data:,1157
Data:,1158
Data:,1159
Data:,1160
Data:,1161
Data:,1162
Data:,1163
Data:,1164
Data:,1165
Data:,1166
Data:,1167
Data:,1168
Data:,1169
Data:,1170
Data:,1171
Data:,1172
Data:,1173
Data:,1174
Data:,1175
Data:,1176
Data:,1177
Data:,1178
Data:,1179
Data:,1180
Data:,1181
Data:,1182
Data:,1183
Data:,1184
Data:,1185
Data:,1186
Data:,1187
Data:,1188
Data:,1189
Data:,1190
Data:,1191
Data:,1192
Data:,1193
Data:,1194
Data:,1195
Data:,1196
Data:,1197
Data:,1198
Data:,1199
Data:,1200
Data:,1201
Data:,1202
Data:,1203
Data:,1204
Data:,1205
Data:,1206
Data:,1207
Data:,1208
Data:,1209
Data:,1210
Data:,1211
Data:,1212
Data:,1213
Data:,1214
Data:,1215
Data:,1216
Data:,1217
Data:,1218
Data:,1219
Data:,1220
Data:,1221
Data:,1222
Data:,1223
Data:,1224
Data:,1225
Data:,1226
Data:,1227
Data:,1228
Data:,1229
Data:,1230
Data:,1231
Data:,1232
Data:,1233
Data:,1234
Data:,1235
Data:,1236
Data:,1237
Data:,1238
Data:,1239
Data:,1240
Data:,1241
Data:,1242
Data:,1243
Data:,1244
Data:,1245
Data:,1246
Data:,1247
Data:,1248
Data:,1249
Data:,1250
Data:,1251
Data:,1252
Data:,1253
Data:,1254
Data:,1255
Data:,1256
Data:,1257
Data:,1258
Data:,1259
Data:,1260
Data:,1261
Data:,1262
Data:,1263
Data:,1264
Data:,1265
Data:,1266
Data:,1267
Data:,1268
Data:,1269
Data:,1270
Data:,1271
Data:,1272
Data:,1273
Data:,1274
Data:,1275
Data:,1276
Data:,1277
Data:,1278
Data:,1279
Data:,1280
Data:,1281
Data:,1282
Data:,1283
Data:,1284
Data:,1285
Data:,1286
Data:,1287
Data:,1288
Data:,1289
Data:,1290
Data:,1291
Data:,1292
Data:,1293
Data:,1294
Data:,1295
Data:,1296
Data:,1297
Data:,1298
Data:,1299
Data:,1300
Data:,1301
Data:,1302
Data:,1303
Data:,1304
Data:,1305
Data:,1306
Data:,1307
Data:,1308
Data:,1309
Data:,1310
Data:,1311
Data:,1312
Data:,1313
Data:,1314
Data:,1315
Data:,1316
Data:,1317
Data:,1318
Data:,1319
Data:,1320
Data:,1321
Data:,1322
Data:,1323
Data:,1324
Data:,1325
Data:,1326
Data:,1327
Data:,1328
Data:,1329
Data:,1330
Data:,1331
Data:,1332
Data:,1333
Data:,1334
Data:,1335
Data:,1336
Data:,1337
Data:,1338
Data:,1339
Data:,1340
Data:,1341
Data:,1342
Data:,1343
Data:,1344
Data:,1345
Data:,1346
Data:,1347
Data:,1348
Data:,1349
Data:,1350
Data:,1351
Data:,1352
Data:,1353
Data:,1354
Data:,1355
Data:,1356
Data:,1357
Data:,1358
Data:,1359
Data:,1360
Data:,1361
Data:,1362
Data:,1363
Data:,1364
Data:,1365
Data:,1366
Data:,1367
Data:,1368
Data:,1369
Data:,1370
Data:,1371
Data:,1372
Data:,1373
Data:,1374
Data:,1375
Data:,1376
Data:,1377
Data:,1378
Data:,1379
Data:,1380
Data:,1381
Data:,1382
Data:,1383
Data:,1384
Data:,1385
Data:,1386
Data:,1387
Data:,1388
Data:,1389
Data:,1390
Data:,1391
Data:,1392
Data:,1393
Data:,1394
Data:,1395
Data:,1396
Data:,1397
Data:,1398
Data:,1399
Data:,1400
Data:,1401
Data:,1402
Data:,1403
Data:,1404
Data:,1405
Data:,1406
Data:,1407
Data:,1408
Data:,1409
Data:,1410
Data:,1411
Data:,1412
Data:,1413
Data:,1414
Data:,1415
Data:,1416
Data:,1417
Data:,1418
Data:,1419
Data:,1420
Data:,1421
Data:,1422
Data:,1423
Data:,1424
Data:,1425
Data:,1426
Data:,1427
Data:,1428
Data:,1429
Data:,1430
Data:,1431
Data:,1432
Data:,1433
Data:,1434
Data:,1435
Data:,1436
Data:,1437
Data:,1438
Data:,1439
Data:,1440
Data:,1441
Data:,1442
Data:,1443
Data:,1444
Data:,1445
Data:,1446
Data:,1447
Data:,1448
Data:,1449
Data:,1450
Data:,1451
Data:,1452
Data:,1453
Data:,1454
Data:,1455
Data:,1456
Data:,1457
Data:,1458
Data:,1459
Data:,1460
Data:,1461
Data:,1462
Data:,1463
Data:,1464
Data:,1465
Data:,1466
Data:,1467
Data:,1468
Data:,1469
Data:,1470
Data:,1471
Data:,1472
Data:,1473
Data:,1474
Data:,1475
Data:,1476
Data:,1477
Data:,1478
Data:,1479
Data:,1480
Data:,1481
Data:,1482
Data:,1483
Data:,1484
Data:,1485
Data:,1486
Data:,1487
Data:,1488
Data:,1489
Data:,1490
Data:,1491
Data:,1492
Data:,1493
Data:,1494
Data:,1495
Data:,1496
Data:,1497
Data:,1498
Data:,1499
Data:,1500
Data:,1501
Data:,1502
Data:,1503
Data:,1504
Data:,1505
Data:,1506
Data:,1507
Data:,1508
Data:,1509
Data:,1510
Data:,1511
Data:,1512
Data:,1513
Data:,1514
Data:,1515
Data:,1516
Data:,1517
Data:,1518
Data:,1519
Data:,1520
Data:,1521
Data:,1522
Data:,1523
Data:,1524
Data:,1525
Data:,1526
Data:,1527
Data:,1528
Data:,1529
Data:,1530
Data:,1531
Data:,1532
Data:,1533
Data:,1534
Data:,1535
Data:,1536
Data:,1537
Data:,1538
Data:,1539
Data:,1540
Data:,1541
Data:,1542
Data:,1543
Data:,1544
Data:,1545
Data:,1546
Data:,1547
Data:,1548
Data:,1549
Data:,1550
Data:,1551
Data:,1552
Data:,1553
Data:,1554
Data:,1555
Data:,1556
Data:,1557
Data:,1558
Data:,1559
Data:,1560
Data:,1561
Data:,1562
Data:,1563
Data:,1564
Data:,1565
Data:,1566
Data:,1567
Data:,1568
Data:,1569
Data:,1570
Data:,1571
Data:,1572
Data:,1573
Data:,1574
Data:,1575
Data:,1576
Data:,1577
Data:,1578
Data:,1579
Data:,1580
Data:,1581
Data:,1582
Data:,1583
Data:,1584
Data:,1585
Data:,1586
Data:,1587
Data:,1588
Data:,1589
Data:,1590
Data:,1591
Data:,1592
Data:,1593
Data:,1594
Data:,1595
Data:,1596
Data:,1597
Data:,1598
Data:,1599
Data:,1600
Data:,1601
Data:,1602
Data:,1603
Data:,1604
Data:,1605
Data:,1606
Data:,1607
Data:,1608
Data:,1609
Data:,1610
Data:,1611
Data:,1612
Data:,1613
Data:,1614
Data:,1615
Data:,1616
Data:,1617
Data:,1618
Data:,1619
Data:,1620
Data:,1621
Data:,1622
Data:,1623
Data:,1624
Data:,1625
Data:,1626
Data:,1627
Data:,1628
Data:,1629
Data:,1630
Data:,1631
Data:,1632
Data:,1633
Data:,1634
Data:,1635
Data:,1636
Data:,1637
Data:,1638
Data:,1639
Data:,1640
Data:,1641
Data:,1642
Data:,1643
Data:,1644
Data:,1645
Data:,1646
Data:,1647
Data:,1648
Data:,1649
Data:,1650
Data:,1651
Data:,1652
Data:,1653
Data:,1654
Data:,1655
Data:,1656
Data:,1657
Data:,1658
Data:,1659
Data:,1660
Data:,1661
Data:,1662
Data:,1663
Data:,1664
Data:,1665
Data:,1666
Data:,1667
Data:,1668
Data:,1669
Data:,1670
Data:,1671
Data:,1672
Data:,1673
Data:,1674
Data:,1675
Data:,1676
Data:,1677
Data:,1678
Data:,1679
Data:,1680
Data:,1681
Data:,1682
Data:,1683
Data:,1684
Data:,1685
Data:,1686
Data:,1687
Data:,1688
Data:,1689
Data:,1690
Data:,1691
Data:,1692
Data:,1693
Data:,1694
Data:,1695
Data:,1696
Data:,1697
Data:,1698
Data:,1699
Data:,1700
Data:,1701
Data:,1702
Data:,1703
Data:,1704
Data:,1705
Data:,1706
Data:,1707
Data:,1708
Data:,1709
Data:,1710
Data:,1711
Data:,1712
Data:,1713
Data:,1714
Data:,1715
Data:,1716
Data:,1717
Data:,1718
Data:,1719
Data:,1720
Data:,1721
Data:,1722
Data:,1723
Data:,1724
Data:,1725
Data:,1726
Data:,1727
Data:,1728
Data:,1729
Data:,1730
Data:,1731
Data:,1732
Data:,1733
Data:,1734
Data:,1735
Data:,1736
Data:,1737
Data:,1738
Data:,1739
Data:,1740
Data:,1741
Data:,1742
Data:,1743
Data:,1744
Data:,1745
Data:,1746
Data:,1747
Data:,1748
Data:,1749
Data:,1750
Data:,1751
Data:,1752
Data:,1753
Data:,1754
Data:,1755
Data:,1756
Data:,1757
Data:,1758
Data:,1759
Data:,1760
Data:,1761
Data:,1762
Data:,1763
Data:,1764
Data:,1765
Data:,1766
Data:,1767
Data:,1768
Data:,1769
Data:,1770
Data:,1771
Data:,1772
Data:,1773
Data:,1774
Data:,1775
Data:,1776
Data:,1777
Data:,1778
Data:,1779
Data:,1780
Data:,1781
Data:,1782
Data:,1783
Data:,1784
Data:,1785
Data:,1786
Data:,1787
Data:,1788
Data:,1789
Data:,1790
Data:,1791
Data:,1792
Data:,1793
Data:,1794
Data:,1795
Data:,1796
Data:,1797
Data:,1798
Data:,1799
Data:,1800
Data:,1801
Data:,1802
Data:,1803
Data:,1804
Data:,1805
Data:,1806
Data:,1807
Data:,1808
Data:,1809
Data:,1810
Data:,1811
Data:,1812
Data:,1813
Data:,1814
Data:,1815
Data:,1816
Data:,1817
Data:,1818
Data:,1819
Data:,1820
Data:,1821
Data:,1822
Data:,1823
Data:,1824
Data:,1825
Data:,1826
Data:,1827
Data:,1828
Data:,1829
Data:,1830
Data:,1831
Data:,1832
Data:,1833
Data:,1834
Data:,1835
Data:,1836
Data:,1837
Data:,1838
Data:,1839
Data:,1840
Data:,1841
Data:,1842
Data:,1843
Data:,1844
Data:,1845
Data:,1846
Data:,1847
Data:,1848
Data:,1849
Data:,1850
Data:,1851
Data:,1852
Data:,1853
Data:,1854
Data:,1855
Data:,1856
Data:,1857
Data:,1858
Data:,1859
Data:,1860
Data:,1861
Data:,1862
Data:,1863
Data:,1864
Data:,1865
Data:,1866
Data:,1867
Data:,1868
Data:,1869
Data:,1870
Data:,1871
Data:,1872
Data:,1873
Data:,1874
Data:,1875
Data:,1876
Data:,1877
Data:,1878
Data:,1879
Data:,1880
Data:,1881
Data:,1882
Data:,1883
Data:,1884
Data:,1885
Data:,1886
Data:,1887
Data:,1888
Data:,1889
Data:,1890
Data:,1891
Data:,1892
Data:,1893
Data:,1894
Data:,1895
Data:,1896
Data:,1897
Data:,1898
Data:,1899
Data:,1900
Data:,1901
Data:,1902
Data:,1903
Data:,1904
Data:,1905
Data:,1906
Data:,1907
Data:,1908
Data:,1909
Data:,1910
Data:,1911
Data:,1912
Data:,1913
Data:,1914
Data:,1915
Data:,1916
Data:,1917
Data:,1918
Data:,1919
Data:,1920
Data:,1921
Data:,1922
Data:,1923
Data:,1924
Data:,1925
Data:,1926
Data:,1927
Data:,1928
Data:,1929
Data:,1930
Data:,1931
Data:,1932
Data:,1933
Data:,1934
Data:,1935
Data:,1936
Data:,1937
Data:,1938
Data:,1939
Data:,1940
Data:,1941
Data:,1942
Data:,1943
Data:,1944
Data:,1945
Data:,1946
Data:,1947
Data:,1948
Data:,1949
Data:,1950
Data:,1951
Data:,1952
Data:,1953
Data:,1954
Data:,1955
Data:,1956
Data:,1957
Data:,1958
Data:,1959
Data:,1960
Data:,1961
Data:,1962
Data:,1963
Data:,1964
Data:,1965
Data:,1966
Data:,1967
Data:,1968
Data:,1969
Data:,1970
Data:,1971
Data:,1972
Data:,1973
Data:,1974
Data:,1975
Data:,1976
Data:,1977
Data:,1978
Data:,1979
Data:,1980
Data:,1981
Data:,1982
Data:,1983
Data:,1984
Data:,1985
Data:,1986
Data:,1987
Data:,1988
Data:,1989
Data:,1990
Data:,1991
Data:,1992
Data:,1993
Data:,1994
Data:,1995
Data:,1996
Data:,1997
Data:,1998
Data:,1999
Data:,2000
Data:,2001
Data:,2002
Data:,2003
Data:,2004
Data:,2005
Data:,2006
Data:,2007
Data:,2008
Data:,2009
Data:,2010
Data:,2011
Data:,2012
Data:,2013
Data:,2014
Data:,2015
Data:,2016
Data:,2017
Data:,2018
Data:,2019
Data:,2020
Data:,2021
Data:,2022
Data:,2023
Data:,2024
Data:,2025
Data:,2026
Data:,2027
Data:,2028
Data:,2029
Data:,2030
Data:,2031
Data:,2032
Data:,2033
Data:,2034
Data:,2035
Data:,2036
Data:,2037
Data:,2038
Data:,2039
Data:,2040
Data:,2041
Data:,2042
Data:,2043
Data:,2044
Data:,2045
Data:,2046
Data:,2047
Data:,2048
Data:,2049
Data:,2050
Data:,2051
Data:,2052
Data:,2053
Data:,2054
Data:,2055
Data:,2056
Data:,2057
Data:,2058
Data:,2059
Data:,2060
Data:,2061
Data:,2062
Data:,2063
Data:,2064
Data:,2065
Data:,2066
Data:,2067
Data:,2068
Data:,2069
Data:,2070
Data:,2071
Data:,2072
Data:,2073
Data:,2074
Data:,2075
Data:,2076
Data:,2077
Data:,2078
Data:,2079
Data:,2080
Data:,2081
Data:,2082
Data:,2083
Data:,2084
Data:,2085
Data:,2086
Data:,2087
Data:,2088
Data:,2089
Data:,2090
Data:,2091
Data:,2092
Data:,2093
Data:,2094
Data:,2095
Data:,2096
Data:,2097
Data:,2098
Data:,2099
Data:,2100
Data:,2101
Data:,2102
Data:,2103
Data:,2104
Data:,2105
Data:,2106
Data:,2107
Data:,2108
Data:,2109
Data:,2110
Data:,2111
Data:,2112
Data:,2113
Data:,2114
Data:,2115
Data:,2116
Data:,2117
Data:,2118
Data:,2119
Data:,2120
Data:,2121
Data:,2122
Data:,2123
Data:,2124
Data:,2125
Data:,2126
Data:,2127
Data:,2128
Data:,2129
Data:,2130
Data:,2131
Data:,2132
Data:,2133
Data:,2134
Data:,2135
Data:,2136
Data:,2137
Data:,2138
Data:,2139
Data:,2140
Data:,2141
Data:,2142
Data:,2143
Data:,2144
Data:,2145
Data:,2146
Data:,2147
Data:,2148
Data:,2149
Data:,2150
Data:,2151
Data:,2152
Data:,2153
Data:,2154
Data:,2155
Data:,2156
Data:,2157
Data:,2158
Data:,2159
Data:,2160
Data:,2161
Data:,2162
Data:,2163
Data:,2164
Data:,2165
Data:,2166
Data:,2167
Data:,2168
Data:,2169
Data:,2170
Data:,2171
Data:,2172
Data:,2173
Data:,2174
Data:,2175
Data:,2176
Data:,2177
Data:,2178
Data:,2179
Data:,2180
Data:,2181
Data:,2182
Data:,2183
Data:,2184
Data:,2185
Data:,2186
Data:,2187
Data:,2188
Data:,2189
Data:,2190
Data:,2191
Data:,2192
Data:,2193
Data:,2194
Data:,2195
Data:,2196
Data:,2197
Data:,2198
Data:,2199
Data:,2200
Data:,2201
Data:,2202
Data:,2203
Data:,2204
Data:,2205
Data:,2206
Data:,2207
Data:,2208
Data:,2209
Data:,2210
Data:,2211
Data:,2212
Data:,2213
Data:,2214
Data:,2215
Data:,2216
Data:,2217
Data:,2218
Data:,2219
Data:,2220
Data:,2221
Data:,2222
Data:,2223
Data:,2224
Data:,2225
Data:,2226
Data:,2227
Data:,2228
Data:,2229
Data:,2230
Data:,2231
Data:,2232
Data:,2233
Data:,2234
Data:,2235
Data:,2236
Data:,2237
Data:,2238
Data:,2239
Data:,2240
Data:,2241
Data:,2242
Data:,2243
Data:,2244
Data:,2245
Data:,2246
Data:,2247
Data:,2248
Data:,2249
Data:,2250
Data:,2251
Data:,2252
Data:,2253
Data:,2254
Data:,2255
Data:,2256
Data:,2257
Data:,2258
Data:,2259
Data:,2260
Data:,2261
Data:,2262
Data:,2263
Data:,2264
Data:,2265
Data:,2266
Data:,2267
Data:,2268
Data:,2269
Data:,2270
Data:,2271
Data:,2272
Data:,2273
Data:,2274
Data:,2275
Data:,2276
Data:,2277
Data:,2278
Data:,2279
Data:,2280
Data:,2281
Data:,2282
Data:,2283
Data:,2284
Data:,2285
Data:,2286
Data:,2287
Data:,2288
Data:,2289
Data:,2290
Data:,2291
Data:,2292
Data:,2293
Data:,2294
Data:,2295
Data:,2296
Data:,2297
Data:,2298
Data:,2299
Data:,2300
Data:,2301
Data:,2302
Data:,2303
Data:,2304
Data:,2305
Data:,2306
Data:,2307
Data:,2308
Data:,2309
Data:,2310
Data:,2311
Data:,2312
Data:,2313
Data:,2314
Data:,2315
Data:,2316
Data:,2317
Data:,2318
Data:,2319
Data:,2320
Data:,2321
Data:,2322
Data:,2323
Data:,2324
Data:,2325
Data:,2326
Data:,2327
Data:,2328
Data:,2329
Data:,2330
Data:,2331
Data:,2332
Data:,2333
Data:,2334
Data:,2335
Data:,2336
Data:,2337
Data:,2338
Data:,2339
Data:,2340
Data:,2341
Data:,2342
Data:,2343
Data:,2344
Data:,2345
Data:,2346
Data:,2347
Data:,2348
Data:,2349
Data:,2350
Data:,2351
Data:,2352
Data:,2353
Data:,2354
Data:,2355
Data:,2356
Data:,2357
Data:,2358
Data:,2359
Data:,2360
Data:,2361
Data:,2362
Data:,2363
Data:,2364
Data:,2365
Data:,2366
Data:,2367
Data:,2368
Data:,2369
Data:,2370
Data:,2371
Data:,2372
Data:,2373
Data:,2374
Data:,2375
Data:,2376
Data:,2377
Data:,2378
Data:,2379
Data:,2380
Data:,2381
Data:,2382
Data:,2383
Data:,2384
Data:,2385
Data:,2386
Data:,2387
Data:,2388
Data:,2389
Data:,2390
Data:,2391
Data:,2392
Data:,2393
Data:,2394
Data:,2395
Data:,2396
Data:,2397
Data:,2398
Data:,2399
Data:,2400
Data:,2401
Data:,2402
Data:,2403
Data:,2404
Data:,2405
Data:,2406
Data:,2407
Data:,2408
Data:,2409
Data:,2410
Data:,2411
Data:,2412
Data:,2413
Data:,2414
Data:,2415
Data:,2416
Data:,2417
Data:,2418
Data:,2419
Data:,2420
Data:,2421
Data:,2422
Data:,2423
Data:,2424
Data:,2425
Data:,2426
Data:,2427
Data:,2428
Data:,2429
Data:,2430
Data:,2431
Data:,2432
Data:,2433
Data:,2434
Data:,2435
Data:,2436
Data:,2437
Data:,2438
Data:,2439
Data:,2440
Data:,2441
Data:,2442
Data:,2443
Data:,2444
Data:,2445
Data:,2446
Data:,2447
Data:,2448
Data:,2449
Data:,2450
Data:,2451
Data:,2452
Data:,2453
Data:,2454
Data:,2455
Data:,2456
Data:,2457
Data:,2458
Data:,2459
Data:,2460
Data:,2461
Data:,2462
Data:,2463
Data:,2464
Data:,2465
Data:,2466
Data:,2467
Data:,2468
Data:,2469
Data:,2470
Data:,2471
Data:,2472
Data:,2473
Data:,2474
Data:,2475
Data:,2476
Data:,2477
Data:,2478
Data:,2479
Data:,2480
